{
  "kubernetes.io/ingress.class": "nginx",
  "nginx.ingress.kubernetes.io/affinity": "cookie",
  "nginx.ingress.kubernetes.io/proxy-connect-timeout" : "3600",
  "nginx.ingress.kubernetes.io/proxy-read-timeout": "3600",
  "nginx.ingress.kubernetes.io/proxy-send-timeout": "3600",
  "nginx.ingress.kubernetes.io/session-cookie-expires": "172800",
  "nginx.ingress.kubernetes.io/session-cookie-hash": "sha1",
  "nginx.ingress.kubernetes.io/session-cookie-max-age": "172800",
  "nginx.ingress.kubernetes.io/session-cookie-name": "images-cookie",
  "nginx.ingress.kubernetes.io/session-cookie-path": "/chat/images/",
  "nginx.ingress.kubernetes.io/ssl-redirect": "false",
  "nginx.ingress.kubernetes.io/use-regex": "true"
}