{
  "kubernetes.io/ingress.class": "nginx",
  "nginx.ingress.kubernetes.io/proxy-read-timeout": "300",
  "nginx.ingress.kubernetes.io/proxy-send-timeout": "300",
  "nginx.ingress.kubernetes.io/ssl-redirect": "false",
  "nginx.ingress.kubernetes.io/affinity": "cookie",
  "nginx.ingress.kubernetes.io/session-cookie-name": "survey-cookie",
  "nginx.ingress.kubernetes.io/session-cookie-path": "/",
  "nginx.ingress.kubernetes.io/session-cookie-expires": "172800",
  "nginx.ingress.kubernetes.io/session-cookie-max-age": "172800",
  "nginx.ingress.kubernetes.io/session-cookie-hash": "sha1",
  "nginx.ingress.kubernetes.io/affinity-mode": "persistent",
  "nginx.ingress.kubernetes.io/proxy-body-size": "0",
  "nginx.ingress.kubernetes.io/use-regex": "true",
  "nginx.ingress.kubernetes.io/rewrite-target": "/$1",
  "nginx.ingress.kubernetes.io/force-ssl-redirect": "true"
}