﻿{
  "tenantConfigs": [
    {
      "tenantUrl": "ConfigDB",
      "attachmentHostName": null,
      "attachmentDbName": null,
      "attachmentTableName": null,
      "attachmentLogin": null,
      "attachmentPassword": null,
      "landscapeType": "",
      "metaRevision": 669,
      "attachmentPath": "C:\\ImageAttachments",
      "unoLandscape": null,
      "passwordHashAlgorithm": "",
      "alternateUrls": [],
      "corsUrls": [],
      "unoTenantURL": "",
      "unoTenantID": "",
      "savedSearchSettingsData": {},
      "elasticSearchConfig": {
        "endPoint": "",
        "uid": "",
        "pwd": ""
      },
      "requireEulaAcceptance": false,
      "attachmentSaveType": null,
      "clientAuthenticationKey": "5CCD39C3BBB940939F76378588179FDA",
      "tenantDbConfiguration": {
        "ipcmConfigMode": "SaaS",
        "smtpConfigMode": "SaaS",
        "defaultCurrency": "${0}"
      },
      "displayName": "ConfigDB",
      "isActive": true,
      "ldapConnectionString": null,
      "isInMaintenanceMode": false,
      "isStagingEnvironment": false,
      "isMetaReadOnly": false,
      "metaReadOnlyExclusionList": [],
      "reportServerName": null,
      "status": "Active",
      "secondaryKeyExpirationTimeoutMinutes": 120,
      "isFedRamp": false,
      "lastModDateTime": "2019-02-12T07:18:28Z",
      "userSelfRegistration": false,
      "isConfigDB": true,
      "tenantRecordID": "01B0916645894B8184644C00B6FE92D4",
      "anonymousLoginID": "",
      "anonymousAccess": false,
      "secondaryKeyRenewStartTimeoutMinutes": 12
    },
    {
      "tenantUrl": "ism-tenant1.stefan.com",
      "attachmentHostName": null,
      "attachmentDbName": null,
      "attachmentTableName": null,
      "attachmentLogin": null,
      "attachmentPassword": null,
      "landscapeType": "",
      "metaRevision": 669,
      "attachmentPath": "C:\\ImageAttachments",
      "unoLandscape": null,
      "passwordHashAlgorithm": "",
      "alternateUrls": [],
      "corsUrls": [],
      "unoTenantURL": "",
      "unoTenantID": "",
      "savedSearchSettingsData": {},
      "elasticSearchConfig": {
        "endPoint": "",
        "uid": "",
        "pwd": ""
      },
      "requireEulaAcceptance": false,
      "attachmentSaveType": null,
      "clientAuthenticationKey": "70D93DD52E594613837C9F76E18CFF05",
      "tenantDbConfiguration": {
        "ipcmConfigMode": "SaaS",
        "smtpConfigMode": "SaaS",
        "defaultCurrency": "${0}"
      },
      "displayName": "ism-tenant1.stefan.com",
      "isActive": true,
      "ldapConnectionString": null,
      "isInMaintenanceMode": false,
      "isStagingEnvironment": false,
      "isMetaReadOnly": false,
      "metaReadOnlyExclusionList": [],
      "reportServerName": null,
      "status": "Active",
      "secondaryKeyExpirationTimeoutMinutes": 120,
      "isFedRamp": false,
      "lastModDateTime": "2019-02-12T03:35:04Z",
      "userSelfRegistration": false,
      "isConfigDB": false,
      "tenantRecordID": "6BA62107BE87498AB8D5BDBA2CDAFB55",
      "anonymousLoginID": "",
      "anonymousAccess": false,
      "secondaryKeyRenewStartTimeoutMinutes": 12
    }
  ],
  "statusCode": 200
}