{
    "workflow": {
        "ASPNETCORE_URLS": "",
        "ASPNET_VERSION": "5.0.8",
        "AZURE_CLIENT_ID": "c5ba3476-6994-45a2-b32d-47109b9e0bdc",
        "AZURE_CLIENT_SECRET": "WAKAA1k59~0DjjT_Hp-A7_P1_-_fDxwamE",
        "AZURE_TENANT_ID": "e5208e76-dd12-47f0-9541-c9b45afaffe6",
        "ConfigServiceClientName": "CentralConfig",
        "ConfigServiceClientUri": "http://centralconfig.ism.svc.cluster.local",
        "DOTNET_RUNNING_IN_CONTAINER": "true",
        "DOTNET_SDK_VERSION": "5.0.302",
        "DOTNET_USE_POLLING_FILE_WATCHER": "true",
        "DOTNET_VERSION": "5.0.8",
        "HOME": "/root",
        "HOSTNAME": "workflow-1",
        "ISM_AppServerBaseURL": "https://ism-nvz-ci-tenant1.ivanticlouddev.com/ServiceAPI",
        "ISM_AppServerUri": "https://ism-nvz-ci-tenant1.ivanticlouddev.com",
        "ISM_BlobConnectionString": "DefaultEndpointsProtocol",
        "ISM_CentralConfigUri": "http://centralconfig.ism.svc.cluster.local",
        "ISM_ConfigSvcURL": "http://centralconfig.ism.svc.cluster.local/CentralConfig.asmx",
        "KUBERNETES_PORT": "tcp://10.0.0.1:443",
        "KUBERNETES_PORT_443_TCP": "tcp://10.0.0.1:443",
        "KUBERNETES_PORT_443_TCP_ADDR": "10.0.0.1",
        "KUBERNETES_PORT_443_TCP_PORT": "443",
        "KUBERNETES_PORT_443_TCP_PROTO": "tcp",
        "KUBERNETES_SERVICE_HOST": "10.0.0.1",
        "KUBERNETES_SERVICE_PORT": "443",
        "KUBERNETES_SERVICE_PORT_HTTPS": "443",
        "NUGET_XMLDOC_MODE": "skip",
        "PATH": "/usr/local/sbin:/usr/local/bin:/usr/sbin:/usr/bin:/sbin:/bin:/root/.dotnet/tools",
        "POWERSHELL_DISTRIBUTION_CHANNEL": "PSDocker-DotnetSDK-Debian-10",
        "PWD": "/app",
        "WORKFLOW_1_PORT": "tcp://10.0.162.100:80",
        "WORKFLOW_1_PORT_80_TCP": "tcp://10.0.162.100:80",
        "WORKFLOW_1_PORT_80_TCP_ADDR": "10.0.162.100",
        "WORKFLOW_1_PORT_80_TCP_PORT": "80",
        "WORKFLOW_1_PORT_80_TCP_PROTO": "tcp",
        "WORKFLOW_1_SERVICE_HOST": "10.0.162.100",
        "WORKFLOW_1_SERVICE_PORT": "80",
        "WORKFLOW_1_SERVICE_PORT_HTTP": "80",
        "WORKFLOW_2_PORT": "tcp://10.0.210.49:80",
        "WORKFLOW_2_PORT_80_TCP": "tcp://10.0.210.49:80",
        "WORKFLOW_2_PORT_80_TCP_ADDR": "10.0.210.49",
        "WORKFLOW_2_PORT_80_TCP_PORT": "80",
        "WORKFLOW_2_PORT_80_TCP_PROTO": "tcp",
        "WORKFLOW_2_SERVICE_HOST": "10.0.210.49",
        "WORKFLOW_2_SERVICE_PORT": "80",
        "WORKFLOW_2_SERVICE_PORT_HTTP": "80",
        "WORKFLOW_3_PORT": "tcp://10.0.17.199:80",
        "WORKFLOW_3_PORT_80_TCP": "tcp://10.0.17.199:80",
        "WORKFLOW_3_PORT_80_TCP_ADDR": "10.0.17.199",
        "WORKFLOW_3_PORT_80_TCP_PORT": "80",
        "WORKFLOW_3_PORT_80_TCP_PROTO": "tcp",
        "WORKFLOW_3_SERVICE_HOST": "10.0.17.199",
        "WORKFLOW_3_SERVICE_PORT": "80",
        "WORKFLOW_3_SERVICE_PORT_HTTP": "80"
    }
}