{
    "agenttaskwebservice": {
        "os": "linux",
        "status": true
    },
    "assetprocessor": {
        "os": "linux",
        "status": true
    },
    "botservice": {
        "os": "linux",
        "status": true
    },
    "centralconfig": {
        "os": "linux",
        "status": true
    },
    "clienttransportprocessor": {
        "os": "linux",
        "status": true
    },
    "discoprocessor": {
        "os": "linux",
        "status": true
    },
    "escaltionservice": {
        "os": "linux",
        "status": true
    },
    "imreadonlydataservice": {
        "os": "linux",
        "status": true
    },
    "inboundwebservice": {
        "os": "windows",
        "status": true
    },
    "integrationservice": {
        "os": "windows",
        "status": true
    },
    "ivanticlouddataprocessor": {
        "os": "linux",
        "status": true
    },
    "ivantidiscoverymessageprocessor": {
        "os": "linux",
        "status": true
    },
    "loggingservice": {
        "os": "linux",
        "status": true
    },
    "messagequeue": {
        "os": "linux",
        "status": true
    },
    "metricsserver": {
        "os": "windows",
        "status": true
    },
    "neuronshealing": {
        "os": "linux",
        "status": true
    },
    "neuronsservice": {
        "os": "linux",
        "status": false
    },
    "opsconsole": {
        "os": "linux",
        "status": true
    },
    "surveyproxy": {
        "os": "windows",
        "status": true
    },
    "taskprocessor": {
        "os": "linux",
        "status": true
    },
    "websurvey": {
        "os": "windows",
        "status": true
    }
}