{
    "agenttaskwebservice": [
        "agenttaskwebservice-595d5cbc5f-hzcfs",
        "agenttaskwebservice-595d5cbc5f-x56vn"
    ],
    "assetprocessor": [
        "assetprocessor-d97d96c5b-bdrq2",
        "assetprocessor-d97d96c5b-wqdj4"
    ],
    "botservice": [
        "botservice-745dbdf769-bz29l",
        "botservice-745dbdf769-vr7br"
    ],
    "centralconfig": [
        "centralconfig-849cfc65f7-tq6th",
        "centralconfig-849cfc65f7-tzmwb"
    ],
    "clienttransportprocessor": [
        "clienttransportprocessor-64d7cc5f97-2ljw8",
        "clienttransportprocessor-64d7cc5f97-qjj4j"
    ],
    "discoprocessor": [
        "discoprocessor-5fbbd4cf65-cqf9b",
        "discoprocessor-5fbbd4cf65-jszbx"
    ],
    "escaltionservice": [
        "escaltionservice-75d6ff746b-6zzlj",
        "escaltionservice-75d6ff746b-v27wr"
    ],
    "imreadonlydataservice": [
        "imreadonlydataservice-79fb4cdb5d-jx6hh",
        "imreadonlydataservice-79fb4cdb5d-q94pm"
    ],
    "inboundwebservice": [
        "inboundwebservice-6bf746fb8c-f8msl",
        "inboundwebservice-6bf746fb8c-kkhdt"
    ],
    "integrationservice": [
        "integrationservice-b74458997-79kln",
        "integrationservice-b74458997-qj825"
    ],
    "ivanticlouddataprocessor": [
        "ivanticlouddataprocessor-5cc887554-d84pd",
        "ivanticlouddataprocessor-5cc887554-n48xh"
    ],
    "ivantidiscoverymessageprocessor": [
        "ivantidiscoverymessageprocessor-b4b94995b-lrltt",
        "ivantidiscoverymessageprocessor-b4b94995b-t8whl"
    ],
    "loggingservice": [
        "loggingservice-5bd484b6c9-45lk7",
        "loggingservice-5bd484b6c9-wg5cs"
    ],
    "messagequeue": [
        "messagequeue-78667898f7-jzpzs",
        "messagequeue-78667898f7-t55g5"
    ],
    "metricsserver": [
        "metricsserver-5c54875d9c-lndvt",
        "metricsserver-5c54875d9c-qsmn6"
    ],
    "neuronshealing": [
        "neuronshealing-6b9688b57f-266rc",
        "neuronshealing-6b9688b57f-mlwpf"
    ],
    "neuronsservice": [
        "neuronsservice-5c4c7588b7-n2tmm",
        "neuronsservice-5c4c7588b7-q8pt7"
    ],
    "opsconsole": [
        "opsconsole-887bd557-tsjwf",
        "opsconsole-887bd557-vc8v5"
    ],
    "surveyproxy": [
        "surveyproxy-5fcd6cb9b-77btz",
        "surveyproxy-5fcd6cb9b-zbt7n"
    ],
    "taskprocessor": [
        "taskprocessor-7696cf8f7-hvx6n",
        "taskprocessor-7696cf8f7-rzdn2"
    ],
    "websurvey": [
        "websurvey-5645b76d47-mmk4q",
        "websurvey-5645b76d47-qh4jw"
    ]
}