{
    "agenttaskwebservice": {
        "dns": "agenttaskwebservice.ism.svc.cluster.local",
        "link": null,
        "type": "NodePort"
    },
    "agenttaskwebservice-loadbalancer": {
        "dns": "agenttaskwebservice-loadbalancer.ism.svc.cluster.local",
        "link": null,
        "type": "LoadBalancer"
    },
    "assetprocessor": {
        "dns": "assetprocessor.ism.svc.cluster.local",
        "link": null,
        "type": "NodePort"
    },
    "assetprocessor-loadbalancer": {
        "dns": "assetprocessor-loadbalancer.ism.svc.cluster.local",
        "link": null,
        "type": "LoadBalancer"
    },
    "botservice": {
        "dns": "botservice.ism.svc.cluster.local",
        "link": null,
        "type": "NodePort"
    },
    "botservice-loadbalancer": {
        "dns": "botservice-loadbalancer.ism.svc.cluster.local",
        "link": null,
        "type": "LoadBalancer"
    },
    "centralconfig": {
        "dns": "centralconfig.ism.svc.cluster.local",
        "link": null,
        "type": "NodePort"
    },
    "centralconfig-loadbalancer": {
        "dns": "centralconfig-loadbalancer.ism.svc.cluster.local",
        "link": null,
        "type": "LoadBalancer"
    },
    "clienttransportprocessor": {
        "dns": "clienttransportprocessor.ism.svc.cluster.local",
        "link": null,
        "type": "NodePort"
    },
    "clienttransportprocessor-loadbalancer": {
        "dns": "clienttransportprocessor-loadbalancer.ism.svc.cluster.local",
        "link": null,
        "type": "LoadBalancer"
    },
    "discoprocessor": {
        "dns": "discoprocessor.ism.svc.cluster.local",
        "link": null,
        "type": "NodePort"
    },
    "discoprocessor-loadbalancer": {
        "dns": "discoprocessor-loadbalancer.ism.svc.cluster.local",
        "link": null,
        "type": "LoadBalancer"
    },
    "escaltionservice": {
        "dns": "escaltionservice.ism.svc.cluster.local",
        "link": null,
        "type": "NodePort"
    },
    "escaltionservice-loadbalancer": {
        "dns": "escaltionservice-loadbalancer.ism.svc.cluster.local",
        "link": null,
        "type": "LoadBalancer"
    },
    "imreadonlydataservice": {
        "dns": "imreadonlydataservice.ism.svc.cluster.local",
        "link": null,
        "type": "NodePort"
    },
    "imreadonlydataservice-loadbalancer": {
        "dns": "imreadonlydataservice-loadbalancer.ism.svc.cluster.local",
        "link": null,
        "type": "LoadBalancer"
    },
    "inboundwebservice": {
        "dns": "inboundwebservice.ism.svc.cluster.local",
        "link": null,
        "type": "NodePort"
    },
    "inboundwebservice-loadbalancer": {
        "dns": "inboundwebservice-loadbalancer.ism.svc.cluster.local",
        "link": null,
        "type": "LoadBalancer"
    },
    "integrationservice": {
        "dns": "integrationservice.ism.svc.cluster.local",
        "link": null,
        "type": "NodePort"
    },
    "integrationservice-loadbalancer": {
        "dns": "integrationservice-loadbalancer.ism.svc.cluster.local",
        "link": null,
        "type": "LoadBalancer"
    },
    "ivanticlouddataprocessor": {
        "dns": "ivanticlouddataprocessor.ism.svc.cluster.local",
        "link": null,
        "type": "NodePort"
    },
    "ivanticlouddataprocessor-loadbalancer": {
        "dns": "ivanticlouddataprocessor-loadbalancer.ism.svc.cluster.local",
        "link": null,
        "type": "LoadBalancer"
    },
    "ivantidiscoverymessageprocessor": {
        "dns": "ivantidiscoverymessageprocessor.ism.svc.cluster.local",
        "link": null,
        "type": "NodePort"
    },
    "ivantidiscoverymessageprocessor-loadbalancer": {
        "dns": "ivantidiscoverymessageprocessor-loadbalancer.ism.svc.cluster.local",
        "link": null,
        "type": "LoadBalancer"
    },
    "loggingservice": {
        "dns": "loggingservice.ism.svc.cluster.local",
        "link": null,
        "type": "NodePort"
    },
    "loggingservice-loadbalancer": {
        "dns": "loggingservice-loadbalancer.ism.svc.cluster.local",
        "link": null,
        "type": "LoadBalancer"
    },
    "messagequeue": {
        "dns": "messagequeue.ism.svc.cluster.local",
        "link": null,
        "type": "NodePort"
    },
    "messagequeue-loadbalancer": {
        "dns": "messagequeue-loadbalancer.ism.svc.cluster.local",
        "link": null,
        "type": "LoadBalancer"
    },
    "metricsserver": {
        "dns": "metricsserver.ism.svc.cluster.local",
        "link": null,
        "type": "NodePort"
    },
    "metricsserver-loadbalancer": {
        "dns": "metricsserver-loadbalancer.ism.svc.cluster.local",
        "link": null,
        "type": "LoadBalancer"
    },
    "neuronshealing": {
        "dns": "neuronshealing.ism.svc.cluster.local",
        "link": null,
        "type": "NodePort"
    },
    "neuronshealing-loadbalancer": {
        "dns": "neuronshealing-loadbalancer.ism.svc.cluster.local",
        "link": null,
        "type": "LoadBalancer"
    },
    "neuronsservice": {
        "dns": "neuronsservice.ism.svc.cluster.local",
        "link": null,
        "type": "NodePort"
    },
    "neuronsservice-loadbalancer": {
        "dns": "neuronsservice-loadbalancer.ism.svc.cluster.local",
        "link": null,
        "type": "LoadBalancer"
    },
    "opsconsole": {
        "dns": "opsconsole.ism.svc.cluster.local",
        "link": null,
        "type": "NodePort"
    },
    "opsconsole-loadbalancer": {
        "dns": "opsconsole-loadbalancer.ism.svc.cluster.local",
        "link": null,
        "type": "LoadBalancer"
    },
    "surveyproxy": {
        "dns": "surveyproxy.ism.svc.cluster.local",
        "link": null,
        "type": "NodePort"
    },
    "surveyproxy-loadbalancer": {
        "dns": "surveyproxy-loadbalancer.ism.svc.cluster.local",
        "link": null,
        "type": "LoadBalancer"
    },
    "taskprocessor": {
        "dns": "taskprocessor.ism.svc.cluster.local",
        "link": null,
        "type": "NodePort"
    },
    "taskprocessor-loadbalancer": {
        "dns": "taskprocessor-loadbalancer.ism.svc.cluster.local",
        "link": null,
        "type": "LoadBalancer"
    },
    "websurvey": {
        "dns": "websurvey.ism.svc.cluster.local",
        "link": null,
        "type": "NodePort"
    },
    "websurvey-loadbalancer": {
        "dns": "websurvey-loadbalancer.ism.svc.cluster.local",
        "link": null,
        "type": "LoadBalancer"
    }
}