{
    "redis": {
        "GOSU_VERSION": "1.12",
        "HOME": "/root",
        "HOSTNAME": "redis-6f9d9546fd-ck2rw",
        "KUBERNETES_PORT": "tcp://10.0.0.1:443",
        "KUBERNETES_PORT_443_TCP": "tcp://10.0.0.1:443",
        "KUBERNETES_PORT_443_TCP_ADDR": "10.0.0.1",
        "KUBERNETES_PORT_443_TCP_PORT": "443",
        "KUBERNETES_PORT_443_TCP_PROTO": "tcp",
        "KUBERNETES_SERVICE_HOST": "10.0.0.1",
        "KUBERNETES_SERVICE_PORT": "443",
        "KUBERNETES_SERVICE_PORT_HTTPS": "443",
        "PATH": "/usr/local/sbin:/usr/local/bin:/usr/sbin:/usr/bin:/sbin:/bin",
        "PWD": "/data",
        "REDIS_DOWNLOAD_SHA": "4b9a75709a1b74b3785e20a6c158cab94cf52298aa381eea947a678a60d551ae",
        "REDIS_DOWNLOAD_URL": "http://download.redis.io/releases/redis-6.2.5.tar.gz",
        "REDIS_PORT": "tcp://10.0.236.207:6379",
        "REDIS_PORT_6379_TCP": "tcp://10.0.236.207:6379",
        "REDIS_PORT_6379_TCP_ADDR": "10.0.236.207",
        "REDIS_PORT_6379_TCP_PORT": "6379",
        "REDIS_PORT_6379_TCP_PROTO": "tcp",
        "REDIS_SERVICE_HOST": "10.0.236.207",
        "REDIS_SERVICE_PORT": "6379",
        "REDIS_SERVICE_PORT_REDIS": "6379",
        "REDIS_VERSION": "6.2.5"
    }
}